id,user_id,vehicle_id,rental_date,status
1,3,1,2026-09-24 19:35:02.040173-06:00,Completed
2,33,2,2026-10-02 19:35:02.040173-06:00,Active
3,43,3,2026-10-01 19:35:02.040173-06:00,Active
4,23,4,2026-08-25 19:35:02.040173-06:00,Completed
5,13,5,2026-09-29 19:35:02.040173-06:00,Active
6,5,6,2026-08-05 19:35:02.040173-06:00,Completed
7,35,7,2026-07-26 19:35:02.040173-06:00,Completed
8,45,8,2026-07-16 19:35:02.040173-06:00,Completed
9,25,9,2026-09-25 19:35:02.040173-06:00,Completed
10,15,10,2026-06-26 19:35:02.040173-06:00,Completed
11,25,10,2026-10-04 20:57:13.862836-06:00,Completed
12,25,10,2026-10-04 21:01:07.843484-06:00,Completed
13,24,10,2026-10-04 21:01:24.103395-06:00,Active
14,24,9,2026-10-04 21:04:20.531329-06:00,Active
15,24,8,2026-10-04 21:05:18.162757-06:00,Active
16,24,7,2026-10-04 21:06:32.357976-06:00,Active
17,24,6,2026-10-04 21:08:49.240029-06:00,Active
18,24,5,2026-10-04 21:17:10.505400-06:00,Active
20,54,11,2026-10-06 17:33:47.981481-06:00,Completed
21,54,11,2026-10-06 17:48:55.595221-06:00,Cancelled
22,54,11,2026-10-06 17:54:19.459730-06:00,Completed
23,54,11,2026-10-06 18:01:12.735055-06:00,Completed
