id,full_name,username,email,password,birthdate,status,creation_date,has_pending_payments
1,Oscar Alfaro,oscar.alfaro1,oscar.alfaro1@example.com,changeme1,1971-02-02,True,2026-10-04 19:35:02.040173-06:00,False
2,Maria Alfaro,maria.alfaro2,maria.alfaro2@example.com,changeme2,1972-03-05,True,2026-10-04 19:35:02.040173-06:00,False
3,Andres Alfaro,andres.alfaro3,andres.alfaro3@example.com,changeme3,1973-04-06,True,2026-10-04 19:35:02.040173-06:00,False
4,Lucia Alfaro,lucia.alfaro4,lucia.alfaro4@example.com,changeme4,1974-05-08,True,2026-10-04 19:35:02.040173-06:00,False
5,Carlos Alfaro,carlos.alfaro5,carlos.alfaro5@example.com,changeme5,1975-06-09,True,2026-10-04 19:35:02.040173-06:00,False
6,Sofia Rojas,sofia.rojas6,sofia.rojas6@example.com,changeme6,1976-07-10,True,2026-10-04 19:35:02.040173-06:00,False
7,Diego Rojas,diego.rojas7,diego.rojas7@example.com,changeme7,1977-08-11,True,2026-10-04 19:35:02.040173-06:00,False
8,Valeria Rojas,valeria.rojas8,valeria.rojas8@example.com,changeme8,1978-09-12,True,2026-10-04 19:35:02.040173-06:00,False
9,Jose Rojas,jose.rojas9,jose.rojas9@example.com,changeme9,1979-10-14,True,2026-10-04 19:35:02.040173-06:00,False
10,Camila Rojas,camila.rojas10,camila.rojas10@example.com,changeme10,1980-11-14,False,2026-10-04 19:35:02.040173-06:00,False
11,Oscar Vargas,oscar.vargas11,oscar.vargas11@example.com,changeme11,1981-12-16,True,2026-10-04 19:35:02.040173-06:00,False
12,Maria Vargas,maria.vargas12,maria.vargas12@example.com,changeme12,1983-01-17,True,2026-10-04 19:35:02.040173-06:00,False
13,Andres Vargas,andres.vargas13,andres.vargas13@example.com,changeme13,1984-02-18,True,2026-10-04 19:35:02.040173-06:00,False
14,Lucia Vargas,lucia.vargas14,lucia.vargas14@example.com,changeme14,1985-03-21,True,2026-10-04 19:35:02.040173-06:00,False
15,Carlos Vargas,carlos.vargas15,carlos.vargas15@example.com,changeme15,1986-04-22,True,2026-10-04 19:35:02.040173-06:00,False
16,Sofia Jimenez,sofia.jimenez16,sofia.jimenez16@example.com,changeme16,1987-05-24,True,2026-10-04 19:35:02.040173-06:00,False
17,Diego Jimenez,diego.jimenez17,diego.jimenez17@example.com,changeme17,1988-06-24,True,2026-10-04 19:35:02.040173-06:00,False
18,Valeria Jimenez,valeria.jimenez18,valeria.jimenez18@example.com,changeme18,1989-07-26,True,2026-10-04 19:35:02.040173-06:00,False
19,Jose Jimenez,jose.jimenez19,jose.jimenez19@example.com,changeme19,1990-08-27,True,2026-10-04 19:35:02.040173-06:00,False
20,Camila Jimenez,camila.jimenez20,camila.jimenez20@example.com,changeme20,1991-09-28,False,2026-10-04 19:35:02.040173-06:00,False
21,Oscar Mora,oscar.mora21,oscar.mora21@example.com,changeme21,1992-10-29,True,2026-10-04 19:35:02.040173-06:00,False
22,Maria Mora,maria.mora22,maria.mora22@example.com,changeme22,1993-11-30,True,2026-10-04 19:35:02.040173-06:00,False
23,Andres Mora,andres.mora23,andres.mora23@example.com,changeme23,1995-01-01,True,2026-10-04 19:35:02.040173-06:00,False
24,Lucia Mora,lucia.mora24,lucia.mora24@example.com,changeme24,1996-02-02,True,2026-10-04 19:35:02.040173-06:00,True
25,Carlos Mora,carlos.mora25,carlos.mora25@example.com,changeme25,1997-03-05,True,2026-10-04 19:35:02.040173-06:00,False
26,Sofia Solano,sofia.solano26,sofia.solano26@example.com,changeme26,1998-04-06,True,2026-10-04 19:35:02.040173-06:00,False
27,Diego Solano,diego.solano27,diego.solano27@example.com,changeme27,1999-05-08,True,2026-10-04 19:35:02.040173-06:00,False
28,Valeria Solano,valeria.solano28,valeria.solano28@example.com,changeme28,2000-06-08,True,2026-10-04 19:35:02.040173-06:00,False
29,Jose Solano,jose.solano29,jose.solano29@example.com,changeme29,2001-07-10,True,2026-10-04 19:35:02.040173-06:00,False
30,Camila Solano,camila.solano30,camila.solano30@example.com,changeme30,2002-08-11,False,2026-10-04 19:35:02.040173-06:00,False
31,Oscar Castro,oscar.castro31,oscar.castro31@example.com,changeme31,2003-09-12,True,2026-10-04 19:35:02.040173-06:00,False
32,Maria Castro,maria.castro32,maria.castro32@example.com,changeme32,2004-10-13,True,2026-10-04 19:35:02.040173-06:00,False
33,Andres Castro,andres.castro33,andres.castro33@example.com,changeme33,1970-11-23,True,2026-10-04 19:35:02.040173-06:00,False
34,Lucia Castro,lucia.castro34,lucia.castro34@example.com,changeme34,1971-12-25,True,2026-10-04 19:35:02.040173-06:00,False
35,Carlos Castro,carlos.castro35,carlos.castro35@example.com,changeme35,1973-01-25,True,2026-10-04 19:35:02.040173-06:00,False
36,Sofia Araya,sofia.araya36,sofia.araya36@example.com,changeme36,1974-02-26,True,2026-10-04 19:35:02.040173-06:00,False
37,Diego Araya,diego.araya37,diego.araya37@example.com,changeme37,1975-03-30,True,2026-10-04 19:35:02.040173-06:00,False
38,Valeria Araya,valeria.araya38,valeria.araya38@example.com,changeme38,1976-04-30,True,2026-10-04 19:35:02.040173-06:00,False
39,Jose Araya,jose.araya39,jose.araya39@example.com,changeme39,1977-06-01,True,2026-10-04 19:35:02.040173-06:00,False
40,Camila Araya,camila.araya40,camila.araya40@example.com,changeme40,1978-07-03,False,2026-10-04 19:35:02.040173-06:00,False
41,Oscar Chaves,oscar.chaves41,oscar.chaves41@example.com,changeme41,1979-08-04,True,2026-10-04 19:35:02.040173-06:00,False
42,Maria Chaves,maria.chaves42,maria.chaves42@example.com,changeme42,1980-09-04,True,2026-10-04 19:35:02.040173-06:00,False
43,Andres Chaves,andres.chaves43,andres.chaves43@example.com,changeme43,1981-10-06,True,2026-10-04 19:35:02.040173-06:00,False
44,Lucia Chaves,lucia.chaves44,lucia.chaves44@example.com,changeme44,1982-11-07,True,2026-10-04 19:35:02.040173-06:00,False
45,Carlos Chaves,carlos.chaves45,carlos.chaves45@example.com,changeme45,1983-12-09,True,2026-10-04 19:35:02.040173-06:00,False
46,Sofia Quesada,sofia.quesada46,sofia.quesada46@example.com,changeme46,1985-01-09,True,2026-10-04 19:35:02.040173-06:00,False
47,Diego Quesada,diego.quesada47,diego.quesada47@example.com,changeme47,1986-02-10,True,2026-10-04 19:35:02.040173-06:00,False
48,Valeria Quesada,valeria.quesada48,valeria.quesada48@example.com,changeme48,1987-03-14,True,2026-10-04 19:35:02.040173-06:00,False
49,Jose Quesada,jose.quesada49,jose.quesada49@example.com,changeme49,1988-04-14,True,2026-10-04 19:35:02.040173-06:00,False
50,Camila Quesada,camila.quesada50,camila.quesada50@example.com,changeme50,1989-05-16,False,2026-10-04 19:35:02.040173-06:00,False
51,Oscar Alfaro,oscaralfaro47,oscar1445@gmail.com,df4s65456,1993-11-01,True,2026-10-04 19:44:05.439676-06:00,False
52,Oscar,dffg54fg,dfdf@dfd.com,dfd545d4fdf,1995-12-05,True,2026-10-05 17:13:39.662675-06:00,False
54,Emilio Alfaro,emilio4455,emilio7878@gmail.com,45dfdf5445dd,1995-12-05,True,2026-10-06 15:27:43.973471-06:00,False
55,Emilio Alfarsdfsdfo,emilio445fgfg5,emidfdflio7878@gmail.com,45dfdf5445dd,1995-12-05,True,2026-10-06 19:08:19.604135-06:00,False
56,Test User,test.user,test.user@example.com,secret123,1995-05-20,True,2026-10-06 20:14:09.380904-06:00,False
58,Testing,ddf54,sdfdd4654@gmai.com,flkjgkldf4654,2000-05-10,True,2026-10-07 15:20:51.681355-06:00,False
